City_ID,City,Lat,Lng,Max Temp,Humidity,Cloudiness,Wind Speed,Country,Date
0,jamestown,42.097,-79.2353,15.01,91,100,3.6,US,1712770682
1,blackmans bay,-43.0167,147.3167,10.29,87,78,3.88,AU,1712770971
2,puerto natales,-51.7236,-72.4875,10.25,53,0,7.72,CL,1712770944
3,port douglas,-16.4833,145.4667,24.86,85,100,3.24,AU,1712770971
4,utrik,11.2278,169.8474,26.68,80,99,10.4,MH,1712770866
5,stanley,54.868,-1.6985,12.01,90,40,6.69,GB,1712770972
6,georgetown,5.4112,100.3354,28.3,86,20,1.54,MY,1712770946
7,ushuaia,-54.8,-68.3,8.79,66,40,13.38,AR,1712770972
8,heroica caborca,30.7167,-112.15,25.62,14,0,0.72,MX,1712770680
9,yellowknife,62.456,-114.3525,0.79,88,100,3.6,CA,1712770820
10,port-aux-francais,-49.35,70.2167,7.75,99,100,5.55,TF,1712770836
11,iqaluit,63.7506,-68.5145,-1.15,63,75,1.54,CA,1712770818
12,medina,24.4686,39.6142,29.24,8,0,6.17,SA,1712770973
13,menongue,-14.6585,17.691,19.37,92,97,2.43,AO,1712770973
14,acarau,-2.8856,-40.12,29.14,75,100,2.9,BR,1712770826
15,kashmar,35.2383,58.4656,19.34,29,22,5.11,IR,1712770974
16,hawaiian paradise park,19.5933,-154.9731,20.02,98,100,0.0,US,1712770853
17,puerto ayora,-0.7393,-90.3518,28.98,90,18,3.13,EC,1712770974
18,grytviken,-54.2811,-36.5092,2.53,86,58,5.57,GS,1712770974
19,camapua,-19.5314,-54.0439,29.01,69,69,0.85,BR,1712770699
20,college,64.8569,-147.8028,1.2,74,20,0.0,US,1712770740
21,hami,42.8,93.45,14.92,40,67,3.77,CN,1712770975
22,ancud,-41.8697,-73.8203,14.23,52,0,2.89,CL,1712770975
23,shimokizukuri,40.8061,140.3861,1.61,82,41,0.76,JP,1712770975
24,adamstown,-25.066,-130.1015,23.22,84,100,3.8,PN,1712770845
25,lihue,21.9789,-159.3672,22.77,77,0,4.12,US,1712770737
26,farafangana,-22.8167,47.8333,25.95,91,99,6.05,MG,1712770975
27,porkhov,57.765,29.5561,14.83,77,100,4.74,RU,1712770975
28,olonkinbyen,70.9221,-8.7187,-6.12,77,100,5.37,SJ,1712770847
29,el amria,35.5244,-1.0158,21.02,38,12,4.39,DZ,1712770976
30,bethel,41.3712,-73.414,19.19,54,40,5.14,US,1712770844
31,waitangi,-43.9535,-176.5597,15.46,94,67,4.47,NZ,1712770976
32,edinburgh of the seven seas,-37.0676,-12.3116,18.2,82,44,4.24,SH,1712770976
33,klyuchi,52.2667,79.1667,3.51,85,93,1.42,RU,1712770976
34,nishinoomote,30.7333,131.0,18.81,85,75,9.44,JP,1712770976
35,kapa'a,22.0752,-159.319,23.18,83,0,4.12,US,1712770977
36,olinda,-8.0089,-34.8553,29.85,79,75,4.63,BR,1712770755
37,west island,-12.1568,96.8225,26.99,69,86,4.12,CC,1712770977
38,isafjordur,66.0755,-23.124,3.02,70,20,2.06,IS,1712770977
39,zaozersk,69.4005,32.4476,3.04,100,100,9.13,RU,1712770977
40,miles city,46.4083,-105.8406,6.54,61,100,11.83,US,1712770977
41,albany,42.6001,-73.9662,13.63,77,100,0.89,US,1712770950
42,okhotsk,59.3833,143.3,-7.69,76,2,4.99,RU,1712770978
43,holualoa,19.6228,-155.9522,20.91,85,20,2.06,US,1712770905
44,fortaleza,-3.7227,-38.5247,30.07,70,75,4.12,BR,1712770740
45,chonchi,-42.6128,-73.8092,13.56,45,8,2.05,CL,1712770978
46,atchison,39.563,-95.1216,19.9,43,82,2.77,US,1712770978
47,weno,7.4515,151.8468,26.97,94,100,3.6,FM,1712770933
48,badger,64.8,-147.5333,1.15,70,20,0.0,US,1712770978
49,flying fish cove,-10.4217,105.6791,25.82,83,40,3.6,CX,1712770979
50,hamilton,39.1834,-84.5333,16.98,94,100,3.6,US,1712770908
51,udachny,66.4167,112.4,-21.97,87,75,10.37,RU,1712770979
52,eirunepe,-6.6603,-69.8736,23.81,99,100,1.97,BR,1712770979
53,pizarro,4.9533,-77.366,28.67,78,66,3.63,CO,1712770979
54,margaret river,-33.95,115.0667,15.02,67,0,6.31,AU,1712770979
55,east london,-33.0153,27.9116,15.52,94,40,6.69,ZA,1712770900
56,qaqortoq,60.7167,-46.0333,-1.56,75,7,2.08,GL,1712770854
57,redwood falls,44.5394,-95.1169,20.01,34,0,3.09,US,1712770973
58,talnakh,69.4865,88.3972,-30.95,99,73,1.96,RU,1712770980
59,papatowai,-46.5619,169.4708,12.29,99,100,1.12,NZ,1712770980
60,port mathurin,-19.6833,63.4167,26.9,77,13,6.19,MU,1712770980
61,port elizabeth,-33.918,25.5701,15.61,92,100,4.12,ZA,1712770881
62,bilibino,68.0546,166.4372,-23.97,99,90,1.61,RU,1712770980
63,esquel,-42.9,-71.3167,12.75,30,0,2.95,AR,1712770890
64,sao felix do xingu,-6.6447,-51.995,27.68,76,100,2.0,BR,1712770981
65,rabo de peixe,37.8,-25.5833,17.77,99,75,4.63,PT,1712770981
66,kogalym,62.2654,74.4791,-18.34,92,95,1.34,RU,1712770981
67,portage la prairie,49.9728,-98.2926,13.05,50,75,5.66,CA,1712770822
68,st. john's,47.5649,-52.7093,1.65,66,75,7.72,CA,1712770792
69,yulinshi,38.2906,109.7494,13.71,49,0,2.94,CN,1712770707
70,watford city,47.8022,-103.2832,5.92,100,100,6.69,US,1712770844
71,mermoz boabab,14.7065,-17.4758,26.31,78,0,5.14,SN,1712770920
72,kings mountain,35.2451,-81.3412,22.88,80,75,2.06,US,1712770982
73,zhangye,38.9342,100.4517,13.27,16,3,0.47,CN,1712770982
74,auki,-8.7676,160.7034,25.42,91,86,1.25,SB,1712770982
75,chinch'on,36.8567,127.4433,11.63,82,0,0.51,KR,1712770983
76,newman,37.3138,-121.0208,22.36,65,86,1.79,US,1712770983
77,kabarnet,0.4919,35.743,15.82,84,66,0.93,KE,1712770983
78,cao bang,22.6667,106.25,22.54,97,100,1.04,VN,1712770983
79,paredon,16.0333,-93.8667,31.61,54,5,4.93,MX,1712770983
80,fale old settlement,-9.3852,-171.2468,29.8,77,61,5.51,TK,1712770869
81,kedougou,12.5579,-12.1743,40.92,12,34,2.32,SN,1712770984
82,pierre,44.3683,-100.351,17.51,42,0,9.77,US,1712770779
83,antsiranana,-12.2787,49.2917,26.31,90,49,3.84,MG,1712770984
84,ribeira grande,38.5167,-28.7,16.54,100,75,7.6,PT,1712770984
85,kohat,33.582,71.4493,23.04,44,99,1.8,PK,1712770984
86,namibe,-15.1961,12.1522,22.37,72,41,4.1,AO,1712770984
87,pangody,65.85,74.4859,-29.23,100,47,1.91,RU,1712770985
88,sitka,57.0531,-135.33,6.94,65,100,5.14,US,1712770985
89,ta`u,-14.2336,-169.5144,29.03,79,54,4.74,AS,1712770985
90,alice springs,-23.7,133.8833,12.34,50,3,0.45,AU,1712770985
91,solnechnyy,50.7214,136.6319,3.91,73,88,2.91,RU,1712770985
92,tazacorte,28.629,-17.9293,23.97,76,20,5.66,ES,1712770986
93,bereeda,11.8704,51.0579,27.59,72,3,5.36,SO,1712770986
94,dalbandin,28.8947,64.4101,27.26,15,51,3.38,PK,1712770986
95,longyearbyen,78.2186,15.6401,-14.09,72,0,4.12,SJ,1712770986
96,undurkhaan,47.3194,110.6556,8.53,43,73,3.49,MN,1712770986
97,atafu village,-8.5421,-172.5159,29.83,76,64,4.75,TK,1712770986
98,aasiaat,68.7098,-52.8699,-7.46,74,95,2.97,GL,1712770986
99,bulayevo,54.9056,70.4439,-0.8,93,100,3.08,KZ,1712770987
100,cururupu,-1.8283,-44.8683,27.3,93,98,1.4,BR,1712770987
101,dudinka,69.4058,86.1778,-31.29,100,83,1.79,RU,1712770951
102,miastko,54.0028,16.9826,8.22,71,96,4.22,PL,1712770712
103,kasongo-lunda,-6.4667,16.8167,25.68,77,56,0.5,CD,1712770987
104,worland,44.0169,-107.9554,8.27,54,75,11.32,US,1712770952
105,bredasdorp,-34.5322,20.0403,15.98,67,94,6.26,ZA,1712770988
106,nouadhibou,20.931,-17.0347,21.99,68,0,8.75,MR,1712770941
107,prince george,53.9166,-122.753,5.14,59,0,3.6,CA,1712770988
108,yuzhno-kurilsk,44.0306,145.8556,0.21,83,1,1.61,RU,1712770988
109,rio grande,-32.035,-52.0986,25.06,74,85,7.02,BR,1712770826
110,marat,25.0701,45.4615,24.21,55,81,0.42,SA,1712770988
111,micheweni,-4.9667,39.8333,28.29,83,82,4.56,TZ,1712770989
112,astara,38.5,48.6667,13.99,91,100,1.59,AZ,1712770989
113,saipan,15.1355,145.701,27.39,69,40,6.69,MP,1712770975
114,vadso,70.0744,29.7487,3.49,87,75,5.14,NO,1712770989
115,atyrau,47.1167,51.8833,13.01,67,0,2.0,KZ,1712770989
116,san patricio,28.017,-97.5169,24.95,39,0,12.64,US,1712770989
117,hasaki,35.7333,140.8333,6.27,59,60,2.26,JP,1712770990
118,kerikeri,-35.2268,173.9474,21.06,90,100,7.1,NZ,1712770857
119,jiagedaqi,50.4167,124.1167,1.1,64,47,0.73,CN,1712770990
120,leava,-14.3,-178.1667,28.81,80,98,5.54,WF,1712770990
121,buenavista,8.9769,125.4089,22.04,91,96,2.84,PH,1712770990
122,pandan,14.0453,124.1694,25.48,88,79,5.0,PH,1712770990
123,dublin,37.7021,-121.9358,21.98,60,0,1.54,US,1712770880
124,point pedro,9.8167,80.2333,28.77,72,74,4.06,LK,1712770990
125,vilhena,-12.7406,-60.1458,28.12,74,75,3.6,BR,1712770825
126,geraldton,-28.7667,114.6,25.23,29,75,9.77,AU,1712770991
127,weatherford,32.7593,-97.7972,12.69,93,100,3.58,US,1712770991
128,chibougamau,49.9168,-74.3659,6.79,61,75,5.14,CA,1712770928
129,iskateley,67.6803,53.1512,-13.88,96,50,2.68,RU,1712770890
130,port lincoln,-34.7333,135.8667,15.4,78,63,4.28,AU,1712770907
131,cuxhaven,53.8718,8.6909,11.65,71,20,3.09,DE,1712770991
132,gorham,43.6795,-70.4442,6.8,80,100,2.06,US,1712770991
133,hutchinson island south,27.2995,-80.2205,30.02,60,40,7.2,US,1712770992
134,laguna,38.421,-121.4238,22.79,57,0,2.06,US,1712770862
135,ust-nera,64.5667,143.2,-16.68,97,57,2.22,RU,1712770992
136,pemangkat,1.1667,108.9667,25.78,90,100,3.34,ID,1712770992
137,vorgashor,67.5833,63.95,-21.78,100,95,1.92,RU,1712770992
138,geneina,13.45,22.45,31.61,11,1,4.18,SD,1712770992
139,macia,-25.0269,33.0989,20.71,77,51,2.65,MZ,1712770993
140,sola,-13.8833,167.55,27.02,74,71,1.55,VU,1712770993
141,katsuura,35.1333,140.3,10.87,72,65,2.77,JP,1712770993
142,tubarjal,30.4999,38.216,19.82,40,64,8.97,SA,1712770993
143,bagrationovsk,54.3871,20.6437,9.75,72,100,5.68,RU,1712770993
144,mirnyy,62.5353,113.9611,0.69,98,100,3.58,RU,1712770993
145,gevrai,19.2667,75.75,33.87,23,67,5.99,IN,1712770993
146,souillac,-20.5167,57.5167,26.21,83,75,5.66,MU,1712770994
147,verkhnevilyuysk,63.4453,120.3167,-1.15,86,100,3.91,RU,1712770994
148,haiku-pauwela,20.9219,-156.3051,23.36,78,20,1.34,US,1712770932
149,al bayda',32.7627,21.7551,10.54,86,52,2.59,LY,1712770994
150,kharan,28.5833,65.4167,28.54,12,1,3.55,PK,1712770994
151,zeya,53.75,127.2667,-1.4,95,94,1.36,RU,1712770994
152,coronel suarez,-37.4547,-61.9334,17.2,29,100,4.94,AR,1712770994
153,emporia,38.4039,-96.1817,19.11,32,0,6.17,US,1712770995
154,fort bragg,35.139,-79.006,23.28,65,100,4.63,US,1712770995
155,chake chake,-5.2459,39.7666,27.51,85,91,3.45,TZ,1712770995
156,pangoa,-12.1167,-73.0,29.86,59,98,0.94,PE,1712770995
157,pesaro,43.9036,12.8903,16.08,84,100,1.79,IT,1712770995
158,uturoa,-16.7333,-151.4333,28.92,77,68,7.44,PF,1712770995
159,enewetak,11.3474,162.3373,27.16,81,100,10.03,MH,1712770995
160,port alfred,-33.5906,26.891,15.1,97,100,0.89,ZA,1712770996
161,puerto lleras,3.0223,-73.4044,35.18,39,31,2.12,CO,1712770996
162,ust'-barguzin,53.45,108.9833,-2.69,95,99,1.83,RU,1712770996
163,nemuro,43.3236,145.575,1.87,79,0,3.49,JP,1712770996
164,kievka,50.2619,71.5514,3.6,86,90,4.0,KZ,1712770996
165,coruripe,-10.1256,-36.1756,29.69,66,100,4.18,BR,1712770564
166,saint-benoit,-21.038,55.7194,25.06,81,73,0.96,RE,1712770997
167,marshall,34.3834,-86.3333,21.33,79,40,3.6,US,1712770997
168,muriti,-1.9833,32.9167,23.01,74,26,1.78,TZ,1712770997
169,pariaman,-0.619,100.12,26.03,88,100,5.14,ID,1712770997
170,vilyuchinsk,52.9306,158.4028,2.15,74,94,17.2,RU,1712770997
171,kingscliff,-28.2667,153.5667,17.89,59,2,3.09,AU,1712770997
172,ilulissat,69.2167,-51.1,-4.99,58,40,2.06,GL,1712770997
173,alindao,5.0267,21.2088,27.5,63,98,2.42,CF,1712770998
174,quellon,-43.1167,-73.6167,11.61,61,0,4.58,CL,1712770725
175,malacacheta,-17.8422,-42.0767,26.97,69,39,1.48,BR,1712770998
176,zhanga buqtyrma,49.6295,83.5248,3.98,95,100,1.22,KZ,1712770998
177,palora,-1.7,-77.9333,29.06,45,42,2.59,EC,1712770998
178,prienai,54.6333,23.95,11.15,70,66,5.48,LT,1712770998
179,sanming,26.2486,117.6186,19.06,77,96,0.72,CN,1712770998
180,aras-asan,8.8908,126.3033,23.72,87,100,1.74,PH,1712770999
181,dubbo,-32.25,148.6167,7.07,87,0,2.57,AU,1712770999
182,kapuskasing,49.4169,-82.4331,9.05,76,75,5.14,CA,1712770983
183,pisco,-13.7,-76.2167,25.01,78,0,5.14,PE,1712770999
184,cockburn town,21.4612,-71.1419,24.84,73,23,9.69,TC,1712771000
185,liuhe,42.2401,125.7172,8.41,67,100,4.0,CN,1712771000
186,anchorage,61.2181,-149.9003,0.75,88,100,0.0,US,1712770593
187,selfoss,63.9331,-20.9971,5.13,67,100,4.4,IS,1712771000
188,thompson,55.7435,-97.8558,10.09,50,75,4.12,CA,1712771000
189,kuraymah,18.55,31.85,27.94,11,60,5.12,SD,1712770955
190,nar'yan-mar,67.6713,53.087,-13.83,96,51,2.68,RU,1712771000
191,falam,22.9167,93.6833,18.34,32,52,1.97,MM,1712771000
192,villa gesell,-37.2639,-56.973,16.7,47,99,9.04,AR,1712771001
193,humaita,-7.5061,-63.0208,33.16,57,79,1.45,BR,1712771001
194,hithadhoo,-0.6,73.0833,29.8,70,100,3.59,MV,1712771001
195,two rivers,44.1539,-87.5693,18.31,42,0,3.6,US,1712771001
196,rongelap,11.1635,166.8941,26.83,84,99,9.98,MH,1712771001
197,khandyga,62.6667,135.6,-9.02,97,100,1.51,RU,1712771001
198,port macquarie,-31.4333,152.9167,16.61,70,90,6.76,AU,1712771002
199,plaquemine,30.2891,-91.2343,19.08,84,95,9.77,US,1712771002
200,polyarnyy,69.1989,33.4478,3.25,99,100,12.66,RU,1712771002
201,polohy,47.4844,36.2536,16.73,41,5,2.71,UA,1712771002
202,zaragoza,41.6561,-0.8773,19.71,28,0,12.86,ES,1712771002
203,bel ombre,-4.6167,55.4167,26.91,89,20,1.54,SC,1712771002
204,invercargill,-46.4,168.35,12.23,98,100,2.68,NZ,1712771002
205,kingston,17.997,-76.7936,31.76,65,75,8.23,JM,1712770705
206,arraial do cabo,-22.9661,-42.0278,28.98,78,20,6.17,BR,1712770800
207,deir ez-zor,35.3359,40.1408,21.46,38,40,3.75,SY,1712771003
208,nova sintra,14.8667,-24.7167,22.62,77,4,8.38,CV,1712771003
209,sarayonu,38.262,32.4046,14.79,69,86,2.75,TR,1712771003
210,bardai,11.65,7.2333,34.04,15,42,4.46,NG,1712771004
211,walvis bay,-22.9575,14.5053,18.53,72,20,3.09,NA,1712771004
212,la ronge,55.1001,-105.2842,10.14,34,40,3.6,CA,1712771004
213,koya,34.2129,135.6224,6.51,89,74,2.02,JP,1712771004
214,al ghayzah,16.2079,52.176,27.17,71,2,4.77,YE,1712771004
215,barra,-11.0894,-43.1417,32.11,47,47,2.74,BR,1712770795
216,keflavik,64.0049,-22.5624,6.95,65,100,7.2,IS,1712770875
217,coquimbo,-29.9533,-71.3436,14.85,88,100,3.6,CL,1712770996
218,wynyard,-41.0,145.7167,10.21,82,7,4.22,AU,1712771005
219,burabay,53.0838,70.3138,0.27,97,100,4.92,KZ,1712771005
220,yardimli,38.9206,48.2372,10.94,98,100,0.83,AZ,1712771005
221,xai-xai,-25.0519,33.6442,23.28,70,59,5.87,MZ,1712771006
222,whitehorse,60.7161,-135.0538,0.57,64,100,4.12,CA,1712770861
223,susner,23.95,76.0833,25.19,49,100,3.54,IN,1712771006
224,lompoc,34.6391,-120.4579,22.66,55,0,2.06,US,1712771006
225,tura,25.5198,90.2201,25.41,26,84,2.01,IN,1712770873
226,jacmel,18.2342,-72.5347,29.12,63,6,4.65,HT,1712771006
227,antonio enes,-16.2325,39.9086,28.11,80,100,4.89,MZ,1712771007
228,kristiansund,63.1115,7.732,5.36,87,75,11.32,NO,1712771007
229,bonthe,7.5264,-12.505,28.65,72,60,5.89,SL,1712771007
230,mabaruma,8.2,-59.7833,31.69,51,76,3.98,GY,1712771007
231,cape coast,5.1053,-1.2466,29.26,76,88,5.25,GH,1712771007
232,north platte,41.1239,-100.7654,17.94,35,0,6.17,US,1712770896
233,susuman,62.7833,148.1667,-21.68,100,71,0.45,RU,1712770846
234,straldzha,42.6,26.6833,17.02,71,0,1.97,BG,1712771008
235,umea,63.8284,20.2597,2.96,87,0,2.57,SE,1712771008
236,tucuma,-0.1833,-50.05,28.61,74,91,1.96,BR,1712771008
237,korla,41.7597,86.1469,15.51,23,7,2.46,CN,1712771008
238,tiksi,71.6872,128.8694,-14.53,98,100,4.46,RU,1712771008
239,general jose de san martin,-26.5374,-59.3416,24.14,96,93,2.84,AR,1712771008
240,carnarvon,-24.8667,113.6333,23.94,57,25,6.3,AU,1712770990
241,radashkovichy,54.1551,27.2424,16.52,78,78,5.06,BY,1712771009
242,carboneras,37.0015,-1.9213,16.29,48,29,4.41,ES,1712771009
243,palu,-0.8917,119.8707,24.12,98,100,0.84,ID,1712771009
244,kalininsk,51.5,44.4758,16.67,69,0,3.77,RU,1712771009
245,slave lake,55.2834,-114.769,3.99,60,0,2.57,CA,1712771009
246,karymskoye,51.6167,114.35,5.19,63,79,1.64,RU,1712771010
247,morondava,-20.2833,44.2833,27.56,76,82,3.59,MG,1712771010
248,saint croix,17.7397,-64.7388,28.31,73,59,2.24,VI,1712771010
249,barra de santo antonio,-9.4047,-35.5072,30.6,70,57,3.74,BR,1712771010
250,bontang,0.1333,117.5,27.33,81,100,5.83,ID,1712771010
251,taoudenni,22.6783,-3.9836,38.63,9,9,2.86,ML,1712771010
252,priob'ye,62.5206,65.5964,-12.77,96,67,3.87,RU,1712771010
253,portland,45.5234,-122.6762,13.33,72,64,1.79,US,1712770394
254,lethem,3.3803,-59.7968,38.87,25,49,5.65,GY,1712771011
255,sodra sandby,56.5667,16.6167,10.92,62,47,6.92,SE,1712771011
256,codrington,-38.2667,141.9667,14.59,72,100,4.87,AU,1712770974
257,san antonio de pale,-1.4014,5.6325,28.48,79,91,4.35,GQ,1712771011
258,birjand,32.8663,59.2211,21.26,21,0,7.2,IR,1712770713
259,lichtenburg,-26.152,26.1597,14.11,55,0,3.65,ZA,1712771011
260,wailua homesteads,22.0669,-159.378,22.44,83,0,4.12,US,1712771011
261,luanda,-8.8368,13.2343,29.0,81,20,5.66,AO,1712770967
262,chinsali,-10.5414,32.0816,19.77,91,77,1.41,ZM,1712771012
263,mahina,-17.5065,-149.489,28.87,74,0,0.0,PF,1712771012
264,notodden,59.5594,9.2585,10.92,37,40,3.09,NO,1712771012
265,punta arenas,-53.15,-70.9167,9.06,61,75,12.86,CL,1712770836
266,aykhal,66.0,111.5,-24.86,90,67,9.5,RU,1712770868
267,masterton,-40.9597,175.6575,16.6,81,100,3.3,NZ,1712771012
268,tolanaro,-25.0319,46.9987,25.04,88,0,2.06,MG,1712771013
269,la plata,-34.9215,-57.9545,20.58,39,48,5.13,AR,1712770544
270,al kharijah,25.4514,30.5464,23.06,27,81,4.24,EG,1712771013
271,awjilah,29.1081,21.2869,22.03,22,0,4.42,LY,1712771013
272,sinabang,2.4803,96.3801,26.45,86,100,0.45,ID,1712771013
273,mina clavero,-31.721,-65.0062,15.55,94,98,1.32,AR,1712770864
274,douentza,14.9951,-2.9517,40.06,11,40,3.42,ML,1712771014
275,poronaysk,49.2167,143.1167,2.35,68,49,4.15,RU,1712771014
276,kalabo,-14.97,22.6814,21.54,90,100,1.75,ZM,1712771014
277,awka,6.2101,7.0741,32.63,52,69,1.96,NG,1712771014
278,avarua,-21.2078,-159.775,27.03,89,75,7.2,CK,1712771014
279,isangel,-19.55,169.2667,25.77,90,67,1.62,VU,1712771014
280,hermanus,-34.4187,19.2345,15.45,74,55,8.13,ZA,1712771014
281,borovskoy,53.8,64.15,1.41,81,60,2.1,KZ,1712771015
282,tucurui,-3.7661,-49.6725,29.2,81,78,0.53,BR,1712771015
283,afaahiti,-17.75,-149.2833,27.93,83,40,6.72,PF,1712771015
284,ustka,54.5805,16.8619,7.57,77,100,6.93,PL,1712771015
285,south grafton,-29.7,152.95,11.37,75,10,1.9,AU,1712771016
286,manado,1.487,124.8455,24.43,94,20,0.51,ID,1712771016
287,puerto deseado,-47.7503,-65.8938,10.3,52,59,5.83,AR,1712771017
288,sao vicente,-23.9631,-46.3919,35.1,60,75,1.54,BR,1712770839
289,tulum,20.2167,-87.4667,31.03,60,79,5.33,MX,1712770829
290,coyhaique,-45.5752,-72.0662,12.34,61,0,3.6,CL,1712770875
291,jiangkou,25.4872,119.1986,17.05,86,53,2.61,CN,1712771017
292,whitecourt,54.1502,-115.6855,6.58,42,0,7.2,CA,1712771017
293,zuenoula,7.4292,-6.0431,33.29,44,89,1.35,CI,1712771018
294,itarantim,-15.6597,-40.0656,28.65,68,92,1.74,BR,1712771018
295,muynoq,43.7683,59.0214,16.6,38,20,3.09,UZ,1712771018
296,pula,44.8683,13.8481,18.31,55,0,8.23,HR,1712770793
297,crane,31.3974,-102.3501,17.93,30,7,9.3,US,1712771018
298,kirakira,-10.4544,161.9205,26.05,85,97,2.14,SB,1712771018
299,kourou,5.1552,-52.6478,29.03,81,97,4.48,GF,1712771018
300,aquin,18.2833,-73.4,27.4,71,23,3.31,HT,1712771019
301,wainwright,52.839,-110.8572,7.28,35,4,8.97,CA,1712771019
302,bilgoraj,50.5411,22.722,14.09,74,100,4.97,PL,1712771019
303,anadyr,64.75,177.4833,-10.72,92,75,6.0,RU,1712771019
304,mahibadhoo,3.7833,72.9667,29.68,72,48,4.63,MV,1712770854
305,richards bay,-28.783,32.0377,22.85,71,0,8.42,ZA,1712770761
306,santona,43.4439,-3.4576,16.17,66,54,1.54,ES,1712771019
307,cromer,52.9312,1.2989,13.0,93,100,8.94,GB,1712771020
308,kyren,51.6828,102.1408,7.75,82,86,1.34,RU,1712771020
309,carandai,-20.9536,-43.8064,28.02,73,28,2.04,BR,1712771020
310,nuku'alofa,-21.1333,-175.2,25.19,88,20,4.63,TO,1712771020
311,chinde,26.8418,88.0763,18.39,29,9,3.52,NP,1712771020
312,makueni boma,-1.8041,37.6203,19.84,90,47,1.27,KE,1712771021
313,guerrero negro,27.9769,-114.0611,22.99,37,0,2.98,MX,1712770919
314,kodiak,57.79,-152.4072,-2.27,80,75,6.17,US,1712771021
315,misratah,32.3754,15.0925,17.67,70,65,7.33,LY,1712771021
316,cimitarra,6.3142,-73.9497,35.15,49,5,1.53,CO,1712771021
317,la passe,45.5549,-0.8967,16.13,79,63,3.24,FR,1712770997
318,troitsko-pechorsk,62.7084,56.1964,-4.61,98,92,1.34,RU,1712771022
319,petropavlovsk-kamchatsky,53.0452,158.6483,1.33,96,75,3.0,RU,1712770904
320,havre,49.5833,0.3333,13.22,76,100,4.63,FR,1712771022
321,llaillay,-32.85,-70.9667,30.14,30,21,3.43,CL,1712770482
322,haverhill,42.7762,-71.0773,18.65,52,20,2.57,US,1712770822
323,acapulco de juarez,16.8634,-99.8901,27.9,74,100,4.63,MX,1712770870
324,puerto armuelles,8.2833,-82.8667,32.99,71,100,1.34,PA,1712770901
325,boundiali,9.5217,-6.4869,29.16,49,92,4.14,CI,1712771022
326,nyurba,63.2842,118.3319,-0.83,89,100,3.65,RU,1712771023
327,gangtok,27.3333,88.6167,15.01,55,45,3.27,IN,1712771023
328,san martin,-33.081,-68.4681,14.3,57,100,7.88,AR,1712771023
329,pailitas,8.9565,-73.6255,39.99,26,24,2.39,CO,1712771023
330,tacna,-18.0056,-70.2483,22.11,60,40,4.12,PE,1712771023
331,praia,14.9215,-23.5087,26.3,50,20,10.29,CV,1712771023
332,guozhen,34.3659,107.359,13.97,65,85,1.14,CN,1712771024
333,kruisfontein,-34.0033,24.7314,14.38,77,99,4.36,ZA,1712771024
334,karratha,-20.7377,116.8463,26.81,50,54,7.22,AU,1712771024
335,lorengau,-2.0226,147.2712,25.84,87,100,2.93,PG,1712771024
336,conduaga,8.862,117.4893,24.82,87,59,1.76,PH,1712771024
337,estevan,49.1334,-102.9842,12.19,47,0,7.72,CA,1712771024
338,hilo,19.7297,-155.09,24.6,92,100,0.0,US,1712771024
339,kuppam,12.75,78.3667,24.54,65,18,2.91,IN,1712771025
340,kailua-kona,19.6406,-155.9956,22.98,84,20,2.06,US,1712770751
341,anna regina,7.2644,-58.5077,30.2,63,33,4.45,GY,1712771025
342,campo grande,-20.4428,-54.6464,30.75,58,75,4.12,BR,1712770832
343,minas de marcona,-15.2119,-75.1103,24.06,55,81,6.35,PE,1712771025
344,homa bay,-0.5273,34.4571,21.21,87,62,2.3,KE,1712771025
345,sur,22.5667,59.5289,28.99,46,59,0.45,OM,1712771026
346,constantia,44.1833,28.65,13.38,73,0,3.11,RO,1712771026
347,tvoroyri,61.5556,-6.8111,6.43,91,100,11.93,FO,1712771026
348,castro,-24.7911,-50.0119,27.31,43,5,3.37,BR,1712770938
349,kuta,-8.7233,115.1723,27.97,88,20,1.03,ID,1712771026
350,velasco ibarra,-1.05,-79.6167,29.08,75,87,2.02,EC,1712771026
351,al wajh,26.2455,36.4525,23.97,35,0,1.54,SA,1712771026
352,howard springs,-12.497,131.047,23.95,76,87,2.66,AU,1712771027
353,cascais,38.6979,-9.4215,23.64,59,0,6.17,PT,1712771027
354,rovaniemi,66.5,25.7167,3.67,93,100,7.72,FI,1712771027
355,cole harbour,44.6724,-63.4751,9.96,54,20,5.14,CA,1712771027
356,ulsteinvik,62.3432,5.8487,7.64,78,100,5.36,NO,1712771027
357,changtu,42.7788,124.0955,11.28,66,99,7.08,CN,1712771027
358,lae,-6.7221,146.9847,24.11,81,99,2.04,PG,1712771028
359,kavaratti,10.5669,72.642,28.86,70,5,3.29,IN,1712771028
360,meadow lake,34.8014,-106.5436,17.04,21,0,4.17,US,1712771028
361,hotan,37.0997,79.9269,17.24,14,58,3.02,CN,1712771028
362,hailar,49.2,119.7,0.04,69,23,2.79,CN,1712771028
363,belyy yar,53.6039,91.3903,6.94,65,0,4.0,RU,1712771028
364,salalah,17.0151,54.0924,28.05,74,0,3.09,OM,1712771028
365,cestos city,5.46,-9.5828,29.19,76,52,4.45,LR,1712771028
366,neelankarai,12.9455,80.2575,30.04,79,40,2.06,IN,1712771029
367,tekirova,36.5017,30.5272,19.43,91,10,2.67,TR,1712771029
368,lebu,-37.6167,-73.65,14.09,52,100,1.91,CL,1712770895
369,remire-montjoly,4.9167,-52.2667,29.02,84,100,5.66,GF,1712771029
370,mumbwa,-14.9783,27.0619,19.88,95,99,1.22,ZM,1712771029
371,livingston,55.9029,-3.5226,13.4,88,75,8.75,GB,1712770901
372,inzhavino,52.3185,42.4937,17.04,75,2,3.52,RU,1712771029
373,colonia,50.9333,6.95,15.49,49,0,2.06,DE,1712770881
374,mili,6.0815,171.735,28.05,84,100,9.05,MH,1712771030
375,luwuk,-0.9516,122.7875,22.29,79,100,1.97,ID,1712770996
376,chatillon-sur-seine,47.8585,4.5738,8.45,80,53,2.36,FR,1712771030
377,tanggu,39.0211,117.6469,8.98,62,1,1.35,CN,1712770988
378,mount gambier,-37.8333,140.7667,13.38,71,85,2.29,AU,1712771030
379,suva,-18.1416,178.4415,25.71,94,40,0.0,FJ,1712771030
380,atherton,53.5237,-2.4935,15.2,88,100,0.89,GB,1712771031
381,shimoda,34.6667,138.95,8.95,76,54,3.57,JP,1712771031
382,muromtsevo,56.3724,75.2418,-2.77,95,100,1.7,RU,1712771031
383,siwa oasis,29.2041,25.5195,23.25,24,0,2.88,EG,1712771031
384,dongcun,36.7767,121.1597,9.9,86,100,2.2,CN,1712771031
385,progreso de alvaro obregon,20.25,-99.2,27.71,14,5,3.27,MX,1712771031
386,mossel bay,-34.1831,22.146,13.96,78,92,5.01,ZA,1712771031
387,rawson,-43.3002,-65.1023,13.36,45,13,5.07,AR,1712770843
388,eraan,9.0629,117.7016,25.41,82,45,2.05,PH,1712771032
389,prince rupert,54.3161,-130.3201,5.83,88,100,10.8,CA,1712771032
390,lautoka,-17.6167,177.4667,24.92,83,20,2.57,FJ,1712771032
391,ulladulla,-35.35,150.4667,11.94,86,3,2.54,AU,1712771032
392,timaru,-44.4,171.25,15.04,86,100,2.24,NZ,1712771032
393,vilyuysk,63.7553,121.6247,0.56,94,100,5.36,RU,1712770867
394,goniri,11.4833,12.3144,32.62,7,92,4.89,NG,1712771033
395,yangjiang,21.85,111.9667,22.48,84,74,2.22,CN,1712771033
396,asau,46.4333,26.4,17.82,43,15,0.29,RO,1712771033
397,taulaga,-11.0553,-171.0883,29.66,77,22,4.67,AS,1712771033
398,severodvinsk,64.5635,39.8302,7.06,99,100,5.74,RU,1712771034
399,el nido,11.1858,119.3956,26.85,80,80,2.63,PH,1712771034
400,ponta delgada,37.7333,-25.6667,18.44,88,75,4.63,PT,1712771034
401,ratnagiri,16.9833,73.3,26.17,80,25,3.76,IN,1712771034
402,hovd,48.0056,91.6419,6.49,40,100,3.88,MN,1712771034
403,namie,37.4833,141.0,3.17,81,76,2.32,JP,1712771034
404,sechura,-5.5569,-80.8222,28.65,56,84,4.13,PE,1712771034
405,nanpiao,41.0982,120.7479,7.62,70,75,2.1,CN,1712771035
406,malindi,-3.2175,40.1191,29.09,79,20,4.12,KE,1712771035
407,gilgit,35.9221,74.3087,8.79,46,98,0.89,PK,1712771035
408,reggane,26.7158,0.1714,34.5,9,48,6.46,DZ,1712771035
409,vila velha,-20.3297,-40.2925,29.97,86,40,5.66,BR,1712770522
410,kill devil hills,36.0307,-75.676,24.01,56,40,4.12,US,1712771035
411,bemidji,47.4736,-94.8803,18.28,41,0,0.45,US,1712771036
412,santana,-0.0583,-51.1817,33.1,66,75,4.12,BR,1712771036
413,springbok,-29.6643,17.8865,20.09,42,0,2.33,ZA,1712771036
414,new norfolk,-42.7826,147.0587,10.95,92,57,0.46,AU,1712770992
415,djibo,14.1022,-1.6306,38.37,16,91,7.9,BF,1712771036
416,plouzane,48.3833,-4.6167,12.18,100,100,6.69,FR,1712771036
417,akrehamn,59.2667,5.1833,8.89,81,75,4.12,NO,1712771036
418,bengkulu,-3.8004,102.2655,24.55,90,100,1.87,ID,1712771037
419,lijiang,26.8688,100.2207,6.64,88,93,2.45,CN,1712771037
420,lisakovsk,52.5369,62.4936,5.18,76,94,2.56,KZ,1712771037
421,livny,52.4253,37.6069,18.66,60,6,1.68,RU,1712771037
422,nazyvayevsk,55.5698,71.3529,-1.34,91,100,2.24,RU,1712771037
423,thunder bay,48.4001,-89.3168,11.99,66,75,3.6,CA,1712770791
424,cabo san lucas,22.8909,-109.9124,27.56,49,0,2.68,MX,1712770701
425,ciudad bolivar,8.1222,-63.5497,38.05,29,46,4.75,VE,1712771038
426,edeia,-17.3383,-49.9314,28.39,66,100,2.62,BR,1712771038
427,huanan,46.2167,130.5167,5.12,44,5,2.58,CN,1712771038
428,toungo,8.1167,12.05,32.46,26,92,0.51,NG,1712771038
429,mejit,10.2753,170.8646,26.88,81,96,9.91,MH,1712770982
430,al jawf,29.5,38.75,20.65,25,2,5.39,SA,1712771038
431,kyaiklat,16.4333,95.7333,29.34,62,65,1.33,MM,1712771038
432,christchurch,-43.5333,172.6333,20.82,62,20,7.72,NZ,1712770923
433,pudozh,61.8099,36.5345,8.86,83,100,1.79,RU,1712771039
434,kalemie,-5.9475,29.1947,23.1,85,31,1.37,CD,1712771039
435,pacasmayo,-7.4006,-79.5714,24.78,70,99,5.13,PE,1712771039
436,wad rawah,15.1603,33.1397,31.49,7,2,4.42,SD,1712771039
437,mount pearl,47.5166,-52.7813,1.19,66,75,7.72,CA,1712770890
438,tralee,52.2704,-9.7026,14.14,94,100,7.72,IE,1712771039
439,touros,-5.1989,-35.4608,29.82,67,97,2.48,BR,1712771040
440,gadzhiyevo,69.2551,33.3362,3.38,99,100,11.85,RU,1712771040
441,takoradi,4.8845,-1.7554,29.19,74,86,4.47,GH,1712771040
442,berezovyy,51.6667,135.7,0.95,79,61,2.19,RU,1712771040
443,akureyri,65.6835,-18.0878,-0.04,74,0,2.06,IS,1712770965
444,houghton,47.1219,-88.569,18.15,54,0,3.6,US,1712771040
445,nelson bay,-32.7167,152.15,17.84,74,61,3.58,AU,1712771040
446,enriquillo,17.9,-71.2333,29.82,55,0,6.47,DO,1712771041
447,roma,43.2128,-75.4557,17.27,74,100,4.12,US,1712770793
448,likiep,9.8251,169.3107,27.07,82,100,10.06,MH,1712771041
449,saudarkrokur,65.7461,-19.6394,1.24,83,64,0.37,IS,1712771041
450,nantucket,41.2835,-70.0995,13.08,79,0,7.72,US,1712771010
451,nyamti,14.15,75.5833,24.01,66,26,1.61,IN,1712771042
452,shubarshi,48.5872,57.1869,15.42,67,86,3.29,KZ,1712771042
453,mitu,1.1983,-70.1733,35.42,36,59,1.17,CO,1712771042
454,sambava,-14.2667,50.1667,26.16,90,16,1.33,MG,1712771042
455,dolinsk,47.35,142.8,0.96,80,94,4.08,RU,1712771042
456,grootfontein,-19.5667,18.1167,23.76,46,20,1.03,NA,1712771042
457,lucas,41.6501,-83.6666,18.05,39,0,5.14,US,1712771043
458,sharjah,25.3573,55.4033,30.16,37,0,2.06,AE,1712771043
459,freetown,8.484,-13.2299,28.84,70,63,2.06,SL,1712771043
460,natchez,31.5604,-91.4032,18.69,82,0,5.14,US,1712770813
461,mamou,10.5,-12.0,34.51,26,92,4.09,GN,1712771043
462,al muwayh,22.4333,41.7583,27.49,13,50,7.38,SA,1712771043
463,okahao,-17.885,15.0667,28.01,25,1,3.84,NA,1712771044
464,el calafate,-50.3408,-72.2768,7.96,62,20,2.27,AR,1712771040
465,elko,41.0002,-115.5012,13.13,42,17,2.68,US,1712770974
466,kenora,49.8167,-94.4337,11.54,54,75,1.54,CA,1712771044
467,newport,51.5877,-2.9984,13.95,95,100,7.05,GB,1712771044
468,kilindoni,-7.9139,39.6668,28.29,80,100,2.86,TZ,1712771044
469,happy valley-goose bay,53.3168,-60.3315,2.17,51,20,2.57,CA,1712770834
470,smithers,54.7804,-127.1743,1.18,75,100,2.06,CA,1712771045
471,cold lake,54.4502,-110.2017,5.97,56,100,10.29,CA,1712770974
472,sao joao da barra,-21.6403,-41.0511,30.05,81,1,5.24,BR,1712771045
473,el haouaria,37.05,11.0144,16.01,63,0,11.46,TN,1712771045
474,bakchar,57.0186,82.0711,-7.53,89,88,1.8,RU,1712771045
475,general conesa,-40.1,-64.4333,17.11,22,100,5.36,AR,1712771045
476,chiras,35.4167,65.9823,2.99,70,4,3.15,AF,1712771046
477,lagoa,39.05,-27.9833,15.85,93,98,9.31,PT,1712771046
478,manavalakurichi,8.1333,77.3,28.26,74,68,2.07,IN,1712771046
479,sinjai,-5.1241,120.253,23.87,91,100,1.84,ID,1712771046
480,bikaner,28.0167,73.3,29.89,8,35,5.3,IN,1712771046
481,broken hill,-31.95,141.4333,11.06,65,0,3.98,AU,1712771046
482,chiroqchi,39.0336,66.5722,16.79,53,25,1.93,UZ,1712771047
483,kenai,60.5544,-151.2583,-1.03,97,100,1.54,US,1712771047
484,la gi,10.6667,107.7833,26.81,78,51,7.17,VN,1712771047
485,save,8.0425,2.486,30.46,56,97,2.3,BJ,1712771047
486,llallagua,-18.4167,-66.6333,14.16,45,99,3.61,BO,1712771047
487,kiunga,-6.1219,141.2906,23.5,99,98,0.83,PG,1712771047
488,al jaradiyah,16.5795,42.9124,30.72,68,34,2.85,SA,1712771047
489,shetpe,44.1667,52.1167,18.63,29,87,2.23,KZ,1712771048
490,tromso,69.6496,18.957,5.01,87,75,1.54,NO,1712771048
491,homer,59.6425,-151.5483,-0.13,74,0,2.68,US,1712771048
492,pio xii,-3.8325,-45.1525,29.83,81,100,1.01,BR,1712771048
493,port blair,11.6667,92.75,29.02,89,20,1.03,IN,1712771049
494,ginir,7.1333,40.7,16.7,84,61,1.59,ET,1712771049
495,lazaro cardenas,17.9583,-102.2,28.42,54,32,5.47,MX,1712770909
496,fortuna,40.5982,-124.1573,12.74,93,100,2.57,US,1712770843
497,woolgoolga,-30.1106,153.2007,16.93,63,23,4.74,AU,1712771049
498,northwood,40.4728,-83.7324,17.2,96,100,2.57,US,1712770869
499,arno,60.1167,18.6333,6.55,61,66,9.15,SE,1712771049
500,gaozhou,21.9392,110.8461,23.45,79,95,2.56,CN,1712771050
501,kone,-21.0595,164.8658,24.35,94,100,0.67,NC,1712771050
502,ouricuri,-7.8825,-40.0817,29.24,56,93,2.31,BR,1712771050
503,ustrzyki dolne,49.4304,22.5938,11.28,82,100,2.25,PL,1712771050
504,karachi,24.9056,67.0822,25.9,73,40,3.09,PK,1712770805
505,el naranjo,21.4667,-98.6,36.56,21,0,3.67,MX,1712771050
506,cooper's town,26.8667,-77.5167,23.2,73,94,7.93,BS,1712771050
507,lata,40.1629,-8.3327,22.73,65,98,1.83,PT,1712770910
508,tyukhtet,56.5389,89.3011,-4.31,86,93,2.81,RU,1712771051
509,las lomitas,-24.7096,-60.593,28.72,80,50,0.6,AR,1712770991
510,tqvarch'eli,42.8404,41.6801,12.71,95,100,0.67,GE,1712771051
511,lively,46.4334,-81.1498,15.01,48,27,4.66,CA,1712771051
512,lyantor,61.6195,72.1555,-12.1,88,100,3.44,RU,1712771051
513,egilsstadir,65.2653,-14.3948,-0.05,93,75,5.14,IS,1712770894
514,lampang,18.3333,99.5,27.7,5,91,0.86,TH,1712771052
515,arkhangel'sk,64.5401,40.5433,7.06,70,40,6.0,RU,1712770954
516,ambo,-10.1308,-76.2047,24.61,56,62,3.5,PE,1712771052
517,pakala,13.4667,79.1167,24.33,82,48,2.65,IN,1712771052
518,imperial,33.0334,-115.4175,28.03,10,0,2.24,US,1712771052
519,motueka,-41.1333,173.0167,16.92,92,100,4.6,NZ,1712771052
520,nago,26.5881,127.9761,20.64,74,11,3.73,JP,1712771052
521,viedma,-40.8135,-62.9967,16.04,33,4,6.46,AR,1712770768
522,jawhar,2.7809,45.5005,28.8,65,52,6.01,SO,1712771053
523,yashan,22.1975,109.9419,22.56,91,95,2.46,CN,1712771053
524,aspen,39.1911,-106.8175,6.58,42,20,2.57,US,1712770994
525,shillong,25.5689,91.8831,15.89,37,75,1.19,IN,1712771053
526,swan hill,-35.3378,143.5544,11.26,75,0,3.2,AU,1712771040
527,at taj,24.2049,23.2857,21.87,16,77,4.47,LY,1712771053
528,boa viagem,-5.1275,-39.7322,27.64,82,100,2.36,BR,1712771054
529,vetovo,43.7,26.2667,14.27,51,1,3.98,BG,1712771054
530,huarmey,-10.0681,-78.1522,25.28,73,40,3.85,PE,1712771054
531,bushehr,28.9684,50.8385,26.05,65,100,7.2,IR,1712771054
532,fallon,39.4735,-118.7774,16.17,43,0,1.54,US,1712770880
533,oppdal,62.5943,9.6912,1.54,76,97,5.0,NO,1712771054
534,vila franca do campo,37.7167,-25.4333,18.27,99,100,4.86,PT,1712771054
535,yaren,-0.5472,166.916,27.62,82,100,6.67,NR,1712771055
536,cozumel,20.5083,-86.9458,31.08,62,40,7.2,MX,1712770779
537,kapshagay,43.8833,77.0833,11.81,57,81,1.51,KZ,1712771055
538,naberera,-4.2,36.9333,19.0,91,68,2.79,TZ,1712771055
539,las navas del marques,40.6024,-4.3345,15.98,66,20,4.32,ES,1712771055
540,umm as sahik,26.6536,49.9164,27.08,42,99,3.99,SA,1712771055
541,tofol,5.3248,163.0078,28.39,81,89,8.82,FM,1712771056
542,elverum,60.8819,11.5623,4.63,65,92,4.32,NO,1712770907
543,paungde,18.4833,95.5,31.54,47,44,4.31,MM,1712771056
544,kabare,-2.4683,28.8242,17.0,96,74,1.07,CD,1712771056
545,dubti,11.7361,41.0853,36.38,28,3,3.72,ET,1712771056
546,beaufort west,-32.3567,22.583,14.33,68,69,6.42,ZA,1712771056
547,andergrove,-21.0833,149.1833,14.8,55,3,6.16,AU,1712771056
548,igarka,67.4667,86.5833,-24.43,96,37,4.47,RU,1712770856
549,ar raqqah,35.95,39.0167,19.13,50,3,3.52,SY,1712771057
550,trincomalee,8.5711,81.2335,29.71,75,83,4.26,LK,1712771057
551,scalea,39.813,15.7956,14.51,73,86,2.97,IT,1712771057
552,behshahr,36.6923,53.5526,12.97,92,77,2.23,IR,1712771057
553,inhambane,-23.865,35.3833,24.99,83,40,8.23,MZ,1712771057
554,zaraza,9.3503,-65.3245,38.65,18,38,3.12,VE,1712771058
555,tabou,4.423,-7.3528,29.26,72,63,4.47,CI,1712771058
556,outokumpu,62.7269,29.0159,5.94,82,100,5.49,FI,1712771058
557,qaisumah,28.3112,46.1273,26.98,28,0,5.14,SA,1712771058
558,praia da vitoria,38.7333,-27.0667,19.14,88,75,7.02,PT,1712770840
559,dubovka,49.0583,44.829,16.53,45,21,3.42,RU,1712771059
560,dongyang,29.2678,120.2253,15.0,80,68,1.38,CN,1712771059
561,harper,4.375,-7.7169,29.32,71,78,4.41,LR,1712771059
562,tanout,14.9709,8.8879,34.25,8,52,3.6,NE,1712771059
563,aljezur,37.3191,-8.8033,20.0,58,85,2.76,PT,1712771059
564,port saint john's,-31.6229,29.5448,19.42,79,66,9.99,ZA,1712771059
565,luderitz,-26.6481,15.1594,19.47,66,0,8.2,NA,1712771049
566,tsiombe,-25.3,45.4833,25.25,73,94,5.77,MG,1712771060
567,roses,42.262,3.1769,17.54,45,18,11.62,ES,1712771060
568,rikaze,29.25,88.8833,1.62,33,33,1.25,CN,1712771060
569,sao lourenco do sul,-31.3653,-51.9783,22.55,72,84,6.31,BR,1712771060
570,krumovgrad,41.4667,25.65,18.35,59,0,2.45,BG,1712771060
571,jamaame,0.0697,42.745,29.37,73,59,3.52,SO,1712771060
572,shizunai-furukawacho,42.3339,142.3669,3.26,74,0,2.59,JP,1712771060
573,tot'ma,59.9747,42.7642,7.6,84,72,2.88,RU,1712771061
574,colceag,44.95,26.35,17.12,38,2,3.39,RO,1712771061
575,westport,41.1415,-73.3579,19.23,63,100,3.13,US,1712771033
576,beykonak,36.3257,30.303,18.06,78,6,2.28,TR,1712771061
577,shalqar,47.8333,59.6,13.83,73,85,1.51,KZ,1712771061
578,basco,20.4487,121.9702,25.88,78,87,7.44,PH,1712771061
579,sept-iles,50.2001,-66.3821,3.36,75,20,3.6,CA,1712770927
580,puerto baquerizo moreno,-0.9,-89.6,27.55,83,40,2.06,EC,1712770808
581,nicoya,10.1483,-85.452,36.56,37,94,1.57,CR,1712771062
582,shannon,52.7039,-8.8642,14.52,94,75,10.29,IE,1712771062
583,penzance,50.1186,-5.5371,12.38,95,100,10.11,GB,1712771062
584,kirensk,57.7853,108.1119,2.2,96,100,2.24,RU,1712770908
585,lerwick,60.1545,-1.1494,7.0,92,100,7.99,GB,1712771062
586,bodo,67.28,14.405,6.02,97,75,9.26,NO,1712770788
587,yanykurgan,43.915,67.2481,16.09,46,7,3.14,KZ,1712771063
588,sampit,-2.5333,112.95,24.21,99,100,0.49,ID,1712771063
589,kahama,-3.8333,32.6,19.72,84,31,0.83,TZ,1712771063
